{
  "overall": {
    "accuracy": 0.7890826873385013,
    "precision": 0.7463361823636532,
    "recall": 0.7567383870823482,
    "f1": 0.7458149494245151
  },
  "per_class": {
    "Pepper__bell___Bacterial_spot": {
      "precision": 0.8080808080808081,
      "recall": 0.5369127516778524,
      "f1-score": 0.6451612903225806,
      "support": 149.0
    },
    "Pepper__bell___healthy": {
      "precision": 0.8122270742358079,
      "recall": 0.8416289592760181,
      "f1-score": 0.8266666666666667,
      "support": 221.0
    },
    "Potato___Early_blight": {
      "precision": 0.9290780141843972,
      "recall": 0.8733333333333333,
      "f1-score": 0.9003436426116839,
      "support": 150.0
    },
    "Potato___Late_blight": {
      "precision": 0.7272727272727273,
      "recall": 0.64,
      "f1-score": 0.6808510638297872,
      "support": 150.0
    },
    "Potato___healthy": {
      "precision": 0.2894736842105263,
      "recall": 0.4782608695652174,
      "f1-score": 0.36065573770491804,
      "support": 23.0
    },
    "Tomato_Bacterial_spot": {
      "precision": 0.8392857142857143,
      "recall": 0.8840125391849529,
      "f1-score": 0.8610687022900764,
      "support": 319.0
    },
    "Tomato_Early_blight": {
      "precision": 0.5389221556886228,
      "recall": 0.6,
      "f1-score": 0.5678233438485805,
      "support": 150.0
    },
    "Tomato_Late_blight": {
      "precision": 0.729483282674772,
      "recall": 0.8362369337979094,
      "f1-score": 0.7792207792207793,
      "support": 287.0
    },
    "Tomato_Leaf_Mold": {
      "precision": 0.7928571428571428,
      "recall": 0.7762237762237763,
      "f1-score": 0.784452296819788,
      "support": 143.0
    },
    "Tomato_Septoria_leaf_spot": {
      "precision": 0.7576923076923077,
      "recall": 0.7406015037593985,
      "f1-score": 0.7490494296577946,
      "support": 266.0
    },
    "Tomato_Spider_mites_Two_spotted_spider_mite": {
      "precision": 0.782608695652174,
      "recall": 0.7142857142857143,
      "f1-score": 0.7468879668049793,
      "support": 252.0
    },
    "Tomato__Target_Spot": {
      "precision": 0.6475409836065574,
      "recall": 0.7523809523809524,
      "f1-score": 0.6960352422907489,
      "support": 210.0
    },
    "Tomato__Tomato_YellowLeaf__Curl_Virus": {
      "precision": 0.9303370786516854,
      "recall": 0.8589211618257261,
      "f1-score": 0.8932038834951457,
      "support": 482.0
    },
    "Tomato__Tomato_mosaic_virus": {
      "precision": 0.6710526315789473,
      "recall": 0.9107142857142857,
      "f1-score": 0.7727272727272727,
      "support": 56.0
    },
    "Tomato_healthy": {
      "precision": 0.9391304347826087,
      "recall": 0.907563025210084,
      "f1-score": 0.9230769230769231,
      "support": 238.0
    },
    "accuracy": 0.7890826873385013,
    "macro avg": {
      "precision": 0.7463361823636532,
      "recall": 0.7567383870823482,
      "f1-score": 0.7458149494245151,
      "support": 3096.0
    },
    "weighted avg": {
      "precision": 0.797993890179879,
      "recall": 0.7890826873385013,
      "f1-score": 0.7904017237819209,
      "support": 3096.0
    }
  },
  "confusion_matrix": [
    [
      80,
      14,
      0,
      0,
      3,
      0,
      5,
      17,
      1,
      27,
      1,
      1,
      0,
      0,
      0
    ],
    [
      1,
      186,
      1,
      2,
      11,
      2,
      2,
      1,
      0,
      3,
      1,
      9,
      2,
      0,
      0
    ],
    [
      1,
      1,
      131,
      4,
      0,
      0,
      0,
      4,
      0,
      4,
      0,
      3,
      0,
      0,
      2
    ],
    [
      2,
      4,
      2,
      96,
      6,
      4,
      7,
      14,
      0,
      2,
      1,
      7,
      4,
      0,
      1
    ],
    [
      0,
      6,
      0,
      1,
      11,
      1,
      0,
      1,
      0,
      1,
      0,
      2,
      0,
      0,
      0
    ],
    [
      0,
      0,
      0,
      9,
      0,
      282,
      11,
      3,
      0,
      0,
      2,
      1,
      10,
      0,
      1
    ],
    [
      0,
      1,
      0,
      6,
      0,
      15,
      90,
      20,
      2,
      1,
      3,
      8,
      3,
      0,
      1
    ],
    [
      0,
      0,
      4,
      8,
      0,
      4,
      18,
      240,
      2,
      7,
      0,
      0,
      2,
      0,
      2
    ],
    [
      0,
      0,
      0,
      0,
      0,
      0,
      5,
      1,
      111,
      13,
      8,
      0,
      2,
      2,
      1
    ],
    [
      8,
      11,
      3,
      2,
      4,
      1,
      3,
      4,
      12,
      197,
      1,
      11,
      2,
      6,
      1
    ],
    [
      2,
      1,
      0,
      2,
      0,
      2,
      6,
      10,
      3,
      1,
      180,
      27,
      6,
      11,
      1
    ],
    [
      1,
      1,
      0,
      2,
      3,
      2,
      12,
      0,
      1,
      2,
      20,
      158,
      0,
      4,
      4
    ],
    [
      4,
      3,
      0,
      0,
      0,
      23,
      8,
      11,
      6,
      0,
      12,
      1,
      414,
      0,
      0
    ],
    [
      0,
      0,
      0,
      0,
      0,
      0,
      0,
      0,
      0,
      2,
      1,
      2,
      0,
      51,
      0
    ],
    [
      0,
      1,
      0,
      0,
      0,
      0,
      0,
      3,
      2,
      0,
      0,
      14,
      0,
      2,
      216
    ]
  ]
}